2011-08-07T01:28:38Z	100000361099706368	rt spain have once agian create beauty architecture jaxgb earl
2011-08-07T01:28:37Z	100000356922163200	so gon be live
2011-08-07T01:28:37Z	100000356917985280	i do not need u anymore
2011-08-07T01:28:37Z	100000356917981184	why be everything an awkward moment
2011-08-07T01:28:37Z	100000356917977088	i still miss you so much lt
2011-08-07T01:28:37Z	100000356909596672	rt now follow even tho she anti social to a nigga
2011-08-07T01:28:37Z	100000356905402368	ten studios sony should buy sony s powerful firstparty portfolio of developer be unrivaled and with its recent purchase of sucker
2011-08-07T01:28:37Z	100000356905398272	wisin yandel ft larry hernandez estoy enamorado offiicial remix este mes kjhwkp
2011-08-07T01:28:37Z	100000356897001472	my dad get the weak ringtone ever my momma hold her head in shame with each incoming call
2011-08-07T01:28:36Z	100000352736264192	life be just a dream
2011-08-07T01:28:36Z	100000352732061696	fuckem man they hoe anyway
2011-08-07T01:28:36Z	100000352706899968	now follow
2011-08-07T01:28:36Z	100000352706895872	time go by slow as i make my way through word you say but i didnt know you be only playin with my head
2011-08-07T01:28:36Z	100000352706887681	city room big deal restoring a vision a deal for the apartment fell through last year but not before the buyer easc
2011-08-07T01:28:36Z	100000352702701568	i like my money a certain way
2011-08-07T01:28:35Z	100000348529360897	just need some company
2011-08-07T01:28:35Z	100000348520988673	what u do chocolate dikk d
2011-08-07T01:28:35Z	100000348520984576	a pisces give a leo the audience they require for their ambition and social performance in their friendship
2011-08-07T01:28:35Z	100000348516794368	never lie
2011-08-07T01:28:35Z	100000348516777984	panera bread and freeze yogurt or go home to do laundry hm
2011-08-07T01:28:35Z	100000348512587776	rt griffeys hood nicca shoe now oo
2011-08-07T01:28:35Z	100000348508405760	rt happy moment praise god difficult moment seek god painful moment trust god every moment thank god
2011-08-07T01:28:34Z	100000344343445506	leaving grand rapid omw back home
2011-08-07T01:28:34Z	100000344343445505	rt yang lagi online rt
2011-08-07T01:28:34Z	100000344339263489	but i go to school and see him dailyplus live second away ohhhh tryagain
2011-08-07T01:28:34Z	100000344318296065	i love my team jdc
2011-08-07T01:28:34Z	100000344318291968	exactly if we abandon our mission what do we have leave
2011-08-07T01:28:33Z	100000340144959490	death by lulz when you re on your period deathbylulz i hate the eat part xegxuzc
2011-08-07T01:28:33Z	100000340144951296	looking for a job mommom stay at home mom look for a job mom mom ebn
2011-08-07T01:28:33Z	100000340132368384	i need my cuddle buddi this type of weather lt
2011-08-07T01:28:33Z	100000340128182272	hostels decrepit presi welcome panel kolkata lack of infrastructure a shabby and dilapidate hostel toilet nvjqb
2011-08-07T01:28:33Z	100000340128169984	alrighty thanks
2011-08-07T01:28:33Z	100000340119797760	watch vpjmrziem featurechannelvideotitle dj matt murdock x afro man vwgfph
2011-08-07T01:28:32Z	100000335954845696	daphn et moi ms
2011-08-07T01:28:32Z	100000335946448897	aww be it so bad for daddy to film the twilight movie i know he lose his privacy and gain a crazy fandom
2011-08-07T01:28:32Z	100000335938072576	keep look at those promo pic lostgirl needanintervention
2011-08-07T01:28:32Z	100000335938068481	i m so bored wit nun to do i do not wan na go home i wan na go sum where wit my friends i want to do sumthin b school start
2011-08-07T01:28:32Z	100000335933878272	you be so awesome it be amaze and you be shin like the star that you be merci baloji
2011-08-07T01:28:32Z	100000335921295360	i have spaghetti for dinner too
2011-08-07T01:28:31Z	100000331764731904	haa that make me laugh but yeh it s go all of it i mail paige some of it yesterday just gon na have to copy paste
2011-08-07T01:28:31Z	100000331756347392	watching this nfl hall of fame
2011-08-07T01:28:31Z	100000331747958784	arsenal lose
2011-08-07T01:28:31Z	100000331739566081	patients amp physician report that smoke marijuana provide relief from migraine cont chebc
2011-08-07T01:28:31Z	100000331739566080	follower tomorrow but i m out in the morning till like pm go to see parade xx
2011-08-07T01:28:31Z	100000331726983168	ite im bout to come threw
2011-08-07T01:28:30Z	100000327570427906	these joke be wrong and childish i ve unfollowed a few tonight
2011-08-07T01:28:30Z	100000327570427905	it be outrageous to suggest sandra oh be best know for arli
2011-08-07T01:28:30Z	100000327557840896	vendo show do exalta adoooro
2011-08-07T01:28:30Z	100000327549468673	rt cross the line if that bitch have stab you in the back multiple time but you still care
2011-08-07T01:28:30Z	100000327541067776	whatever lol you sound like if ur grown xd lil boy smh
2011-08-07T01:28:29Z	100000323371937793	i dnt wan na hear that shit pussy be pussy if u like it u gon na take if u dnt u gon na get away from it
2011-08-07T01:28:29Z	100000323367743488	lol true that
2011-08-07T01:28:29Z	100000323363540992	jobjwsu oppo bdp the very best bluray player using excellent technologies oppo blu ray
2011-08-07T01:28:29Z	100000323355164672	yesssa ai not nobody real like they claim they are
2011-08-07T01:28:29Z	100000323355160576	i ve be tell to state that ibelieveinthedream by shameless tweet he ca not believe classycas
2011-08-07T01:28:29Z	100000323350970368	rt rt hey bitch maybe will start follow her fan you want that i m sure you do just help her get to
2011-08-07T01:28:29Z	100000323350962176	i once make a fake obama twitter account but i delete it cause i do not do a good impersonation
2011-08-07T01:28:29Z	100000323342569473	watching the food ch only make me hungry
2011-08-07T01:28:28Z	100000319181824001	have tanoffs with your friend after your sunny hols thatssoirish
2011-08-07T01:28:28Z	100000319177629696	ckifuj bar harbor village green
2011-08-07T01:28:28Z	100000319173435392	you know teenage girl be take over twitter when princess diaries be trend
2011-08-07T01:28:28Z	100000319165042688	michael jordan bitch
2011-08-07T01:28:28Z	100000319160852482	see hard work pay off congrats
2011-08-07T01:28:27Z	100000314983317504	rt pretty
2011-08-07T01:28:27Z	100000314979139586	tca s tomorrow this should be good heart
2011-08-07T01:28:27Z	100000314979139585	felizcumpleaosbogot discosbogotanos alex campos y misin vida tiempo de la cruz
2011-08-07T01:28:27Z	100000314979131393	photo youlikeairplanestoo xrsxuyynk
2011-08-07T01:28:27Z	100000314970738688	plsfollow me and i ll follow back
2011-08-07T01:28:26Z	100000310772240384	rt k people be now riot
2011-08-07T01:28:26Z	100000310768050176	rt that awkward moment when you re sing to yourself and then you realize that someone be listen
2011-08-07T01:28:26Z	100000310763864064	going mobile for a minute peace
2011-08-07T01:28:26Z	100000310759669761	goodmorning off to cavite in a bit
2011-08-07T01:28:26Z	100000310759669760	stuff dat girl wit dick till her head burst
2011-08-07T01:28:26Z	100000310759657472	wedding hairstyles with flowers htm peony
2011-08-07T01:28:26Z	100000310755475457	after look at every jar at the store i could not find a single jar of pickle wo corn syrup or food coloring so disappointing
2011-08-07T01:28:26Z	100000310755471361	u smile i smile lt
2011-08-07T01:28:26Z	100000310755471360	eating starbucks dreambar
2011-08-07T01:28:25Z	100000306598907904	done and done location recommendationsideas
2011-08-07T01:28:25Z	100000306594717697	awe
2011-08-07T01:28:25Z	100000306594717696	photo gabrielcezar xdxuyxpl
2011-08-07T01:28:25Z	100000306594709505	rt debt trillion gt debt trillion so far teaparty tcot p orca dnc
2011-08-07T01:28:25Z	100000306594709504	daishia here
2011-08-07T01:28:25Z	100000306586333185	lmao rt tweetsaftergivinghead lol rt my neck be fall off lol
2011-08-07T01:28:25Z	100000306586333184	the star come to yu and ask for permission to shine
2011-08-07T01:28:25Z	100000306586324993	rt yoooooo but though lmao gmc gm
2011-08-07T01:28:25Z	100000306582134784	rt a comprehensive eharmony review vmbwg
2011-08-07T01:28:25Z	100000306573742080	moveslikejagger on itunes
2011-08-07T01:28:24Z	100000302404608000	michael mcintyre talking about blow jobs seem wrong
2011-08-07T01:28:24Z	100000302392020992	rt yea my nizziezs s
2011-08-07T01:28:24Z	100000302383628288	it s fuck kicking off in totenham
2011-08-07T01:28:24Z	100000302379433984	photo xkxuyxby
2011-08-07T01:28:24Z	100000302375256064	q wana trade nude a no askrachebabylqbi
2011-08-07T01:28:23Z	100000298206105600	shorts in seattle replacemovietitlewithshorts
2011-08-07T01:28:23Z	100000298206101504	rt if all you have in response be something negative to say that do not make you sound clever and you be definetely n
2011-08-07T01:28:23Z	100000298193522688	i m look forward to year but im enjoying my week off far tooooooooooo much
2011-08-07T01:28:23Z	100000298176741376	so we gettin to kno each otha kool
2011-08-07T01:28:22Z	100000294011813888	girls add me to chat nonsese loooooooooooool safe man
2011-08-07T01:28:22Z	100000294011805697	sorry but pasty white be sexy than orange
2011-08-07T01:28:22Z	100000294011805696	yes i be d
2011-08-07T01:28:22Z	100000294007619584	aight i see how it is next time u wna do sumin ima be like sorry man track people only bestfriendsmyass
2011-08-07T01:28:22Z	100000293990842369	you re on tumbler too often
2011-08-07T01:28:22Z	100000293990830080	dog i m still here be here since lol expect a crazy video
2011-08-07T01:28:22Z	100000293982453760	my head pound
2011-08-07T01:28:22Z	100000293978255362	aaarrg this be gross kiddo wash urself tu pu
2011-08-07T01:28:21Z	100000289817493504	rt sorryjustin that i tell you all those time that you should not wear clothes
2011-08-07T01:28:21Z	100000289813299200	itreallymakesmemad when i ca not sleep
2011-08-07T01:28:21Z	100000289809104896	go hard with everything nextjoke
2011-08-07T01:28:21Z	100000289800720384	i have no idea tonight be family night over at lambeau i be wonder why there be cop park at the lombardi ave exit makes sense
2011-08-07T01:28:21Z	100000289800716288	i just felt leave out of the little house on the prairie vibe
2011-08-07T01:28:21Z	100000289796530176	my data be so meta i m an infohipster
2011-08-07T01:28:21Z	100000289788133376	they name be shark bruce see that s why he attack yall
2011-08-07T01:28:21Z	100000289783955457	that mcdonalds be good as hell
2011-08-07T01:28:21Z	100000289783947266	oooh nerve ha ha simpson style she be i like her wizardry ways
2011-08-07T01:28:21Z	100000289783947265	how
2011-08-07T01:28:20Z	100000285627392000	indo pro shop jantar e assistir capito amrica
2011-08-07T01:28:20Z	100000285619003392	oke rt greet ffe
2011-08-07T01:28:20Z	100000285618999296	photo xpfxuyv
2011-08-07T01:28:20Z	100000285598040065	congrats to all the hof class of
2011-08-07T01:28:20Z	100000285598040064	its am and i m still at the office fml
2011-08-07T01:28:20Z	100000285598035968	hanging wit mom love her s fab
2011-08-07T01:28:19Z	100000281433092096	beyonce be that bitch i love her
2011-08-07T01:28:19Z	100000281420505088	photo xupxuyuvi
2011-08-07T01:28:19Z	100000281403719680	hey
2011-08-07T01:28:19Z	100000281399529472	rt eminem takeover d
2011-08-07T01:28:18Z	100000277234597888	u like sub o if you be look for the devil you need only look into a mirror to find him
2011-08-07T01:28:18Z	100000277230395392	rt mt your assumption about infant formula be probably wrong babyformulastinks breast
2011-08-07T01:28:18Z	100000277217816576	rt dirty mouth clean it up with orbitz
2011-08-07T01:28:18Z	100000277217808384	im about to go smooth to sleep before i start catch wreck on everybody thats make me mad
2011-08-07T01:28:17Z	100000273044488194	where be i feel abandon
2011-08-07T01:28:17Z	100000273044488193	itreallymakesmemad when people assume
2011-08-07T01:28:17Z	100000273044471808	harry potter and the sorcerer s stone done next watch harry potter and the chamber of secret
2011-08-07T01:28:17Z	100000273040289793	sound likeee a plan idk where be
2011-08-07T01:28:17Z	100000273036087297	hommie u know dey see miss call
2011-08-07T01:28:17Z	100000273036087296	me segui
2011-08-07T01:28:17Z	100000273031888896	should be an aware side tonight so i hope he s on with tracking back too
2011-08-07T01:28:17Z	100000273027706880	eh rt mention d
2011-08-07T01:28:17Z	100000273023504384	snsd online museum ezfe
2011-08-07T01:28:17Z	100000273019318272	especially since it s my birthday
2011-08-07T01:28:17Z	100000273019305985	rt i dnt know much about algebra but i know
2011-08-07T01:28:17Z	100000273015111681	just because he s from texas he s an idiot
2011-08-07T01:28:17Z	100000273010917376	bout bore af
2011-08-07T01:28:16Z	100000268837597184	louis vuitton does not make shoe girlwhat
2011-08-07T01:28:16Z	100000268816621568	love
2011-08-07T01:28:15Z	100000264651685888	pronto p
2011-08-07T01:28:15Z	100000264647475200	nw war of the world tnt movie
2011-08-07T01:28:15Z	100000264634892288	train martina mcbride be so wonderful together love them both even more together now that she s back in the atmosphere wow
2011-08-07T01:28:15Z	100000264622325760	gaaaah i love him so much i m even willing to do a long distance relationship with him
2011-08-07T01:28:15Z	100000264622309376	photoset xlxuyswu
2011-08-07T01:28:14Z	100000260461568001	me too
2011-08-07T01:28:14Z	100000260461568000	lmfao x
2011-08-07T01:28:14Z	100000260453183488	you always act like a brat lmao
2011-08-07T01:28:14Z	100000260448989184	lollalive deftones kill it
2011-08-07T01:28:14Z	100000260444794880	hey uh remember me
2011-08-07T01:28:14Z	100000260440588289	a huge thanks to foxtel for air the one team ad check it out here rifvjp
2011-08-07T01:28:14Z	100000260423819264	cage the elephant just rock the ad astra stage never seen them live lead singer be all over that stage kanrocksas
2011-08-07T01:28:13Z	100000256263077888	rt things always change for the betterjust believe
2011-08-07T01:28:13Z	100000256263065601	rt i really hate wen people dont answer bac lt
2011-08-07T01:28:13Z	100000256263061505	come talkin that trash we a pull yo card
2011-08-07T01:28:13Z	100000256263061504	god bless the child that can hold his own and god bless the woman that can hold patron
2011-08-07T01:28:13Z	100000256242089985	apes
2011-08-07T01:28:12Z	100000252056190976	cargill recall turkey recall after salmonella poison blxcjxs
2011-08-07T01:28:12Z	100000252047785986	rt shark week fact if a shark laugh too hard it will poop sharkfacts
2011-08-07T01:28:12Z	100000252047785985	so to mfkrs gettn that paper by any means
2011-08-07T01:28:12Z	100000252035215363	rt rt if u dont start skool monday
2011-08-07T01:28:12Z	100000252035203073	love you too
2011-08-07T01:28:11Z	100000247870259200	test new ava wdyt xx
2011-08-07T01:28:11Z	100000247861886976	honey kisses dear
2011-08-07T01:28:11Z	100000247857684480	rt rt if you love ill dm him your name
2011-08-07T01:28:11Z	100000247857680384	i will be all that you want meeee to be lt
2011-08-07T01:28:11Z	100000247853486080	im sorry mom
2011-08-07T01:28:11Z	100000247840899072	rt oh i seebootleggin i know nothing i say nothing it s just apart of my awesome
2011-08-07T01:28:10Z	100000243684356097	i have no reason to lie i m a man of my word
2011-08-07T01:28:10Z	100000243671764992	look at the baby layin on me awe lmao kjmsflj
2011-08-07T01:28:10Z	100000243659182080	verify botdfmusic and jayyvonmonroe zyjrs
2011-08-07T01:28:10Z	100000243659177984	british humor rt woman know your limit wewnopo wtf
2011-08-07T01:28:10Z	100000243654991872	offline hugs
2011-08-07T01:28:10Z	100000243650805762	what time in england do the song get release xxxxxxx
2011-08-07T01:28:09Z	100000239477465088	twerk team gon be at ya house again tonite
2011-08-07T01:28:09Z	100000239464890368	do not even get me started they need some production staff too though i hear a lot of people like race buddy so there s that
2011-08-07T01:28:09Z	100000239452299264	i want some cooky bake good so yummy
2011-08-07T01:28:08Z	100000235266387969	how dare you invoke the name of jesus in any political slimy sleaze situation despicable teaparty jesustweeters
2011-08-07T01:28:08Z	100000235257995264	what s not give you that desire happiness
2011-08-07T01:28:07Z	100000231101444096	i wan na tweet til i go to twitter jail but i dont b havin that much shit to tweet about
2011-08-07T01:28:07Z	100000231101431808	standard poor downgrade us credit rating standard poor s have downgrade the us credit rating for first time ebb
2011-08-07T01:28:07Z	100000231080476672	haha yeah welcome d xx
2011-08-07T01:28:07Z	100000231072079872	perfecto lin te lo regresamos completo suerte
2011-08-07T01:28:07Z	100000231072075776	i ve never even think about watch the sequel for from dusk till dawn but bruce campbell be in the second
2011-08-07T01:28:07Z	100000231067881472	rt half the leader i have meet do not need to learn what to do they need to learn what to stop peter drucker managem
2011-08-07T01:28:06Z	100000226907136000	like the league weekly facebook page dqjsg rugbyleague
2011-08-07T01:28:06Z	100000226898751488	but if my parent let me im gon na dye it like that
2011-08-07T01:28:06Z	100000226881966082	rt there s a difference between issue advocacy and community organize
2011-08-07T01:28:06Z	100000226881966081	was chill nu aan de shit wat over be van de bbq hatjeee
2011-08-07T01:28:06Z	100000226881966080	home from a great night with nicole d time bed
2011-08-07T01:28:06Z	100000226881961984	rt linemen enter field at family night follow live blog now at packerscom iauczgg
2011-08-07T01:28:06Z	100000226869391363	rt jesse jagz chocboi swag freestyle jesse jagz return yet again with this powerful freestyle and frankly his http
2011-08-07T01:28:06Z	100000226869391360	doe even msn
2011-08-07T01:28:06Z	100000226869387264	photo xyqxuyp
2011-08-07T01:28:05Z	100000222712832000	solo encuentro la paz en dios lt
2011-08-07T01:28:05Z	100000222708645888	yessir tomorrow be gon na be crazy
2011-08-07T01:28:05Z	100000222696054784	i saw you when i be up front today at relive but then you disappear
2011-08-07T01:28:05Z	100000222687666176	rt updated rihanna on a yacht in barbados lmempo
2011-08-07T01:28:05Z	100000222679281664	my tongue ring itchin to be flickin
2011-08-07T01:28:05Z	100000222679269376	is enjoy marry life
2011-08-07T01:28:05Z	100000222675079169	rt i miss my nigga tupac
2011-08-07T01:28:05Z	100000222675079168	something like it
2011-08-07T01:28:04Z	100000218514329600	photo xnmxuynzu
2011-08-07T01:28:04Z	100000218510147584	i c u get joke lol u must of got offend n felt da same as i do when i say da monkey movie lmao rt cont ches
2011-08-07T01:28:04Z	100000218501742592	rt it s weird how every movie in america be the movie
2011-08-07T01:28:04Z	100000218497556480	rt do not worry i m sure we ll meet one day just because you live far away do not mean i do not love you j
2011-08-07T01:28:04Z	100000218497548289	oh yeahhh new notification dan mcevoy poke pokes back
2011-08-07T01:28:04Z	100000218489176066	a couple once die whilst have sex when they orgasmed it be too much for them and they have heart attacks true story
2011-08-07T01:28:04Z	100000218484977665	toughlove rt ala shoor bldinya when you re so down cuz of someone someone else kick their as for you fazafriendsarelove
2011-08-07T01:28:04Z	100000218480771072	sex thats all he want thats all he need
2011-08-07T01:28:03Z	100000214324228096	i m in philly my hometown i love be here
2011-08-07T01:28:03Z	100000214324219904	bum bitch you saw me callin you
2011-08-07T01:28:03Z	100000214320021504	aw ron s so worry about harry s reaction it s cute hpreread
2011-08-07T01:28:03Z	100000214315839488	rt so we turnin up at at the wolfs den with the so come thru bc it s my dawg burfday
2011-08-07T01:28:03Z	100000214311641089	rt young visshus ft ace flamez dmajor doeboy sas paper man srap
2011-08-07T01:28:03Z	100000214307446784	no you be wrong she have the same music style as him other than back to black she be exactly like paolo live with it
2011-08-07T01:28:03Z	100000214303256576	rttttttttttttttttttttttttt whats the point in fat bitch wear belly peircings
2011-08-07T01:28:03Z	100000214303252480	rt so to my ex prolly sayin fck me so so to tha sex
2011-08-07T01:28:03Z	100000214286475264	the funny bad girl of the season to me be tanisha
2011-08-07T01:28:02Z	100000210129924096	aspects to look at when choosing an auto transport company aspects to look at when choosing an auto transport comp ebun
2011-08-07T01:28:02Z	100000210125733889	sorry
2011-08-07T01:28:02Z	100000210121535488	who say i m a rock star not me coylkqf rock star pimp u choose
2011-08-07T01:28:02Z	100000210113142784	photo xegxuyll
2011-08-07T01:28:02Z	100000210108952576	on cue an rbi double from wright that would ve be a hr elsewhere in japan for instance mets braves b
2011-08-07T01:28:02Z	100000210108944384	la artist contemplates future traffic flow with hot wheels john write american artist chris burden be fyyb
2011-08-07T01:28:02Z	100000210100563969	harry reid pant on fire ebn
2011-08-07T01:28:01Z	100000205935620096	drinving into the slaveship seems like it might be busy
2011-08-07T01:28:01Z	100000205931425793	ear project ftsaint locomarabahaya nowplaying on power
2011-08-07T01:28:01Z	100000205910441984	boa noite
2011-08-07T01:28:01Z	100000205906255873	david wright be hit with rbis in game since return from the dl
2011-08-07T01:28:01Z	100000205897867265	rt username or password incorrect tell me which one you son of a btch
2011-08-07T01:28:00Z	100000201732915200	staying home it be
2011-08-07T01:28:00Z	100000201728737281	follow by a call from the illustrious very much look forward to drink with these two
2011-08-07T01:28:00Z	100000201720332289	rt the only way i d watch mean girls be if it be about pansy parkinson at hogwarts damn she s a bitch
2011-08-07T01:28:00Z	100000201711955968	hey lovatic thank u for letting me knw have a good sleep little sis
2011-08-07T01:28:00Z	100000201707765760	lol yea but ummm thaat would be a negative lol
2011-08-07T01:28:00Z	100000201703555072	rt rt watch benjamin skinner s interview on modernday slavery and human trafficking rjktrt
2011-08-07T01:27:59Z	100000197542821889	rt am i the only one whose never see a pizza delivery girl
2011-08-07T01:27:59Z	100000197542821888	also tweetdeck just tell me that you re not follow me
2011-08-07T01:27:59Z	100000197538615296	ewbvgi organic food info advantages of organic food what go in to
2011-08-07T01:27:59Z	100000197526028288	video pimps dont cryyyyyyyyy hahahahahahahaha xvxuylsy
2011-08-07T01:27:59Z	100000197513453568	rt if u have not check out my new campaign here s ur chance ce in a lifetime opportunity it wo not last long http
2011-08-07T01:27:59Z	100000197513449472	rt rt rt rip to the us troops who be kill in a helicopter crash in edvo
2011-08-07T01:27:59Z	100000197509267456	oomf be cute
2011-08-07T01:27:58Z	100000193348517888	lol my lil brother try to play basketball pwba
2011-08-07T01:27:58Z	100000193335922688	wont happen im too awesome
2011-08-07T01:27:58Z	100000193331740673	ohh shame
2011-08-07T01:27:58Z	100000193331740672	maw they just get lucky go esks go
2011-08-07T01:27:58Z	100000193331728384	mr roop to josh your a girl your favorite thing to do be shop and cook i laugh so hard
2011-08-07T01:27:58Z	100000193327534081	be you lucky sod bet it be amaze
2011-08-07T01:27:58Z	100000193319149569	jajajaja e el badenglish de rodiney de the alist
2011-08-07T01:27:58Z	100000193314963456	lt doesnt want to go to work today
2011-08-07T01:27:57Z	100000189137428480	uh shit come thru just do not finish all my liq bitch lol
2011-08-07T01:27:57Z	100000189129035776	video christinagrimmievideos xduxuykt
2011-08-07T01:27:57Z	100000189129031680	exciting news wwwcapetownbydesigncom be come soon
2011-08-07T01:27:57Z	100000189124837376	rt sixteen minutes and second for richard dent and not a single mention of buddy ryan
2011-08-07T01:27:56Z	100000184947310592	this tweet go out to because she think i tweet to much
2011-08-07T01:27:56Z	100000184943124480	hahaha i like it
2011-08-07T01:27:56Z	100000184943120384	can see why
2011-08-07T01:27:56Z	100000184943116288	rt gazans offer aid to somalis in distress niqo
2011-08-07T01:27:56Z	100000184934735872	rt we be deeply sadden to hear about the loss of the seal team member who lost their life this morning we all p
2011-08-07T01:27:56Z	100000184934727681	added you on blackberry messenger
2011-08-07T01:27:56Z	100000184930541568	how lmao
2011-08-07T01:27:56Z	100000184926355456	journalism news iranian mp challenges award for jailed journalist payvand ebad
2011-08-07T01:27:55Z	100000180769800193	argentina s sabella very different from maradona ngjqg
2011-08-07T01:27:55Z	100000180765601792	til the twilight zone pjixqv
2011-08-07T01:27:55Z	100000180761407488	have so much swag
2011-08-07T01:27:55Z	100000180757200897	about to read my pocket mba app on my iphone so i can learn something
2011-08-07T01:27:55Z	100000180753022976	rt ugly bitches are not welcome
2011-08-07T01:27:55Z	100000180748824576	deleted contact now i only have t
2011-08-07T01:27:55Z	100000180744622080	xcuqhpx this be for you hopefully you like it do not mind if you do not want to use it
2011-08-07T01:27:55Z	100000180744617984	next sunday i have to work this sunday ugh
2011-08-07T01:27:55Z	100000180740423680	lap pole clark darling sommerville ranstrom pass
2011-08-07T01:27:54Z	100000176558706688	re the assassins code ainsley he pull his shirt off the rest of the way lean into her kiss more his ovuiqf
2011-08-07T01:27:54Z	100000176554524672	maybe if i paint my face black and get some big white denture then it will never be a problem
2011-08-07T01:27:54Z	100000176550322176	forex trading example with vic noble august forex trading example with vic noble august liv osqft
2011-08-07T01:27:54Z	100000176546127872	i be gray sweater navy dress
2011-08-07T01:27:54Z	100000176541925377	rt do not miss mtp tomorrow sens kerry and mccain plus roundtable with goolsbee greenspan and
2011-08-07T01:27:53Z	100000172381192192	where to find home inspection software webindexphp siteid pageid
2011-08-07T01:27:53Z	100000172381175809	okay thanks
2011-08-07T01:27:53Z	100000172376989696	cheesecake factory
2011-08-07T01:27:53Z	100000172376985600	quarter of silence
2011-08-07T01:27:53Z	100000172368609280	lol he doesnt want it he can even type properly
2011-08-07T01:27:53Z	100000172364406784	lt hate be ignore lol
2011-08-07T01:27:53Z	100000172356026369	ok say i get a gf right and another bitch suck my dick be that cheating
2011-08-07T01:27:53Z	100000172356009984	nog steed zzzzt die mug
2011-08-07T01:27:53Z	100000172347637760	imma fighter lol
2011-08-07T01:27:53Z	100000172347633666	heals so high that i face your titty ahaa d
2011-08-07T01:27:53Z	100000172343439360	thanks show love and come
2011-08-07T01:27:52Z	100000168170102785	i just watch the video for the first time i get fin amped all over again so now let me take out personal time to thank
2011-08-07T01:27:52Z	100000168153325568	dude soz my tinychat be mess up
2011-08-07T01:27:52Z	100000168149131264	ctfu angry bro rt stop twatchin and subtweetin my shit cuz
2011-08-07T01:27:52Z	100000168149127169	rt itreallymakesmemad when people just make thing up about hp like lily be pregnant when she die and snape be
2011-08-07T01:27:51Z	100000163988381697	great night
2011-08-07T01:27:51Z	100000163988373505	i live in a beautiful world okauchee lake pjiww
2011-08-07T01:27:51Z	100000163984195584	wanted to go to the fair but do not really look like ima get to go
2011-08-07T01:27:51Z	100000163979997184	my cabbie be pretty useless
2011-08-07T01:27:51Z	100000163975790592	suppose you re all who care and shit but that picture resolve for me that you truly be an undeniably beautiful girl
2011-08-07T01:27:51Z	100000163967418368	with every fight there s a lesson learned but i wish i could feel it
2011-08-07T01:27:50Z	100000159798280192	rt my heart go out to the family of the navy seals who lose their life serve in honor rip
2011-08-07T01:27:50Z	100000159798272000	now
2011-08-07T01:27:50Z	100000159798267904	when my dad tell me i ll never meet and im just sit there like mcl
2011-08-07T01:27:50Z	100000159781498880	rt the past should be the past it can destroy the future live life for what tomorrow have to offer not for what yesterd
2011-08-07T01:27:50Z	100000159773102080	u be already cool wit it
2011-08-07T01:27:50Z	100000159768915968	ha ha ha maple leaf i do have good thing to do than harass stranger on twitter likeyourmom
2011-08-07T01:27:50Z	100000159760527362	might go for a jog soundsgood
2011-08-07T01:27:50Z	100000159760527361	i do not even believe ppl anymore believe it when i see it
2011-08-07T01:27:49Z	100000155595571200	rt fake this and fake that got you feel ya self
2011-08-07T01:27:49Z	100000155587194880	omw jkt its a long journey dolphinbay
2011-08-07T01:27:49Z	100000155578810370	rt ambassador butlers camp ashraf plan is positively dangerous roll call news pgde as
2011-08-07T01:27:49Z	100000155574616064	nice are you gon na do it
2011-08-07T01:27:49Z	100000155574599680	deep sigh
2011-08-07T01:27:49Z	100000155570409472	electronics whats the difference between a desktop external hard drive and a external portable hard drive que pifjf
2011-08-07T01:27:48Z	100000151409655811	wowwwwww there smash up that police car
2011-08-07T01:27:48Z	100000151409655809	my aunt jus do the most evil shit ever her as in stthomas facebook a pic of some lakes chicken n fry and tag me evil shit mehson
2011-08-07T01:27:48Z	100000151409655808	this be great uygc xnxuygqh
2011-08-07T01:27:48Z	100000151384502272	rt no lie always feel good reading all your tweet
2011-08-07T01:27:48Z	100000151371911168	i m straight now i guess i ll c u there
2011-08-07T01:27:47Z	100000147202781184	rick ross fatt as finna get it krackin
2011-08-07T01:27:47Z	100000147202777088	send me an email alan and ill get you in touch with the event team
2011-08-07T01:27:47Z	100000147194380289	i miss my big brother
2011-08-07T01:27:47Z	100000147194380288	but why my mother get a ticket for go through the toll
2011-08-07T01:27:47Z	100000147177611265	murphy have hit in straight starts thanks for that th inning snapper colactus imwith
2011-08-07T01:27:47Z	100000147177611264	they be
2011-08-07T01:27:46Z	100000143021056001	i hate those moment
2011-08-07T01:27:46Z	100000143021047808	iyes we get videos we dance to the wordsso if you pay attention im sure you will be intertained
2011-08-07T01:27:46Z	100000143004286976	it be not in my beat untreated to be sit on a futon in target watch you play game on the phone lets go bro
2011-08-07T01:27:46Z	100000143004274688	what shame
2011-08-07T01:27:46Z	100000143004270592	sammamish events sammamish nights from pm to pm city hall at sammamish com ebfg
2011-08-07T01:27:46Z	100000142995886080	truuuu yo but bust how
2011-08-07T01:27:46Z	100000142991695873	in houston from the thth
2011-08-07T01:27:45Z	100000138826756096	boa noiiteeeee brother tudo em paz
2011-08-07T01:27:45Z	100000138822565888	online fundraiser for somalia famine vrfubd hosted by boonamohamed with some prominent speaker attending too
2011-08-07T01:27:45Z	100000138814177280	be pretty awesome
2011-08-07T01:27:45Z	100000138809982977	rt should i get van or chuck somebody help me vans chuck r for poser
2011-08-07T01:27:45Z	100000138809982976	news update markets brace for mayhem as us credit downgrade for first time ebfk
2011-08-07T01:27:45Z	100000138809978880	i want a dozen cami cake for my birthday do not forget it carrot
2011-08-07T01:27:45Z	100000138809970688	photo gabrielcezar xvixuyfga
2011-08-07T01:27:45Z	100000138805780480	you know what s not old rubber hog nose on old fat guy
2011-08-07T01:27:45Z	100000138797387776	new hot song by mpcihf x
2011-08-07T01:27:45Z	100000138793201664	com
2011-08-07T01:27:45Z	100000138789007360	the view from cory whitneys wedding utah be beautiful this time of the year s
2011-08-07T01:27:44Z	100000134632456192	wassup boo
2011-08-07T01:27:44Z	100000134628257792	rt congratulations to richard dent who become the st hall of famer in any sport to name every single person who helpe
2011-08-07T01:27:44Z	100000134615678977	i eat so damn much full
2011-08-07T01:27:44Z	100000134611468288	the damn taliban s killed team i wish i could avenge their death but it wo not bring seal team back from the graf
2011-08-07T01:27:44Z	100000134607290368	i will drag you through the mud
2011-08-07T01:27:44Z	100000134607282176	rt edward and bella in a loving embrace during a breaking dawn movie scene fmi
2011-08-07T01:27:44Z	100000134603091968	bonfires
2011-08-07T01:27:44Z	100000134598897664	sean lecomber appearing at edmonton yuk yuks on sean be the winner of the just for laughs homegrow nfqkos
2011-08-07T01:27:43Z	100000130433945600	i m still wait to see what shoe you wore last night lol
2011-08-07T01:27:43Z	100000130425569281	speaker knockin till the morning light cause we like to partyyyyy
2011-08-07T01:27:43Z	100000130408792064	do not twist my word to your own nefarious purpose
2011-08-07T01:27:43Z	100000130408787968	rt i think ke ha get pay in glitter
2011-08-07T01:27:42Z	100000126227058688	sunday morning
2011-08-07T01:27:42Z	100000126222864384	shots fired at glasses malones video shoot for eastsidin pedhhhh
2011-08-07T01:27:42Z	100000126210281472	word unlearn that the hard way year ago
2011-08-07T01:27:42Z	100000126210277377	nadine jess be gross
2011-08-07T01:27:42Z	100000126206083072	i do not feel like talkin on the phone rite now
2011-08-07T01:27:41Z	100000122049540096	screw workkk today i hate wake up in the rain this news article be so motivational ruecfg
2011-08-07T01:27:41Z	100000122028572673	oh yes i know exactly who that be
2011-08-07T01:27:41Z	100000122028572672	lmao i get like a blonde color but since my hair be dark it come out brown rt dear black girls stop edum
2011-08-07T01:27:41Z	100000122015989760	my pradas say prada they prada say flia
2011-08-07T01:27:41Z	100000122011787264	this need to happen
2011-08-07T01:27:41Z	100000122011783168	photoset xmoxuydpi
2011-08-07T01:27:40Z	100000117851029504	caliente tonight official dekalbgwinnett backschool bash always packed be early no id zjjx rt
2011-08-07T01:27:40Z	100000117838462976	thx i ll search it think i saw that ref d on homebrewtalk my wife hat beer so i be think cider as a family project
2011-08-07T01:27:40Z	100000117830066176	boy boo
2011-08-07T01:27:40Z	100000117830057985	lawd am im on a phone dont even know how to use im in a room full of white boy which be drastic someone save me
2011-08-07T01:27:40Z	100000117821681665	lmao dawwg you got ta see it
2011-08-07T01:27:40Z	100000117821681664	sbs inkigayo today will start on pm cr teukangelogy
2011-08-07T01:27:39Z	100000113656741888	that s how i feel but i m
2011-08-07T01:27:39Z	100000113656729600	my heart want to trust you my ego be not let you in wall built and my mind ia torn between the two mindatwork
2011-08-07T01:27:39Z	100000113652543488	solid facebook prelims but ca not watch the spike prelims stupid espn uklooking forward to the cardrooting for sexyama and tito ufc
2011-08-07T01:27:39Z	100000113648349184	still in paia eating at the fish market i m so hungry then we have a nice minute hour drive home
2011-08-07T01:27:39Z	100000113648340992	rt where the hell be everybody shop
2011-08-07T01:27:39Z	100000113644158976	i need to find a outlet lol
2011-08-07T01:27:39Z	100000113644150785	chile that s a mess
2011-08-07T01:27:39Z	100000113644150784	rt rt if you re do last minute school shop
2011-08-07T01:27:39Z	100000113639964672	rt i do not need the hype i ve get this far wo a team behind me it s appreciate but not really necessary i toot my
2011-08-07T01:27:39Z	100000113639952384	rt pretty femaless dont need makeup
2011-08-07T01:27:39Z	100000113635762176	nindyyo kpopers jatim intro back
2011-08-07T01:27:39Z	100000113627381762	dude im hungry
2011-08-07T01:27:39Z	100000113627381760	omfg just remember i leave my chocolate milkshake on a shelf in topshop i really fancy it now as well
2011-08-07T01:27:39Z	100000113623187457	hell yea yu knw we bout dha only females dhat cn jus sway thru dhat muthafucka u an lil baby need ta make dhat trip
2011-08-07T01:27:38Z	100000109462437888	ee agora me vem uma mulher no shopping oo
2011-08-07T01:27:38Z	100000109458239489	rt aaliyah period gt gt gt gt gt gt gt gt gt gt
2011-08-07T01:27:38Z	100000109454041088	i hope they cancel oprah you take that back drakeandjoshquote
2011-08-07T01:27:38Z	100000109449842688	heart you too kokoh rafaa rt thx watch smshblash raflatahugs i heart ljdlrp
2011-08-07T01:27:38Z	100000109445644289	because i do not want to upset you anymore than i already have
2011-08-07T01:27:38Z	100000109433073664	do i forget to mention i can make double of my self coming walking towards u from behinde
2011-08-07T01:27:38Z	100000109428883457	whatever satisfies the soul is truth walt whitman
2011-08-07T01:27:38Z	100000109428879362	long day at work lol
2011-08-07T01:27:38Z	100000109428879360	lol al fin rt yaaaaaa at barbershop malvaooo tooo s
2011-08-07T01:27:37Z	100000105251348480	show me you love me
2011-08-07T01:27:37Z	100000105238765568	you re terrible muriel
2011-08-07T01:27:37Z	100000105234579456	i m at bemdito steaks burgers av quintino bocaiuva so francisco niteri pjccsi
2011-08-07T01:27:36Z	100000101078024192	smh do not want to be bother
2011-08-07T01:27:36Z	100000101065441281	rt the story be really great please continue it and also accord to you please
2011-08-07T01:27:36Z	100000101052858368	like mother fucker i be not a fish
2011-08-07T01:27:36Z	100000101052841984	ohhh yeah
2011-08-07T01:27:36Z	100000101048659968	rt boy can you lick your nipple girl no boy can i
2011-08-07T01:27:36Z	100000101044465664	cuxx myy tl dryy as shytt rihh now
2011-08-07T01:27:36Z	100000101040271360	photoset xtnxuybb
2011-08-07T01:27:35Z	100000096883712001	rt rt me roc royal be argue about our muscle lol then prodigy come in shut us all u
2011-08-07T01:27:35Z	100000096883712000	ok nw entertainment tonight
2011-08-07T01:27:35Z	100000096850149377	so i do not her about the girl and she be pretty surprise
2011-08-07T01:27:34Z	100000092685217792	u a damn lie lol
2011-08-07T01:27:34Z	100000092685209601	and of my sibling bday be this month oo dang
2011-08-07T01:27:34Z	100000092676825088	follow and lt they can help get justin bieber to follow you
2011-08-07T01:27:34Z	100000092672626688	i need some new people to communicate with
2011-08-07T01:27:34Z	100000092651655168	america s night of hope whoiia via
2011-08-07T01:27:33Z	100000088495095808	tar heel in the hall of fame
2011-08-07T01:27:33Z	100000088490917888	time it all take time
2011-08-07T01:27:33Z	100000088482521088	its and o slizzed who know where we re head
2011-08-07T01:27:33Z	100000088478318592	dukwys lt someone have talent
2011-08-07T01:27:33Z	100000088474124288	what sneaker
2011-08-07T01:27:33Z	100000088469938177	what to do tfb ff
2011-08-07T01:27:33Z	100000088465747968	i guess i ll have to finish that synopsis then
2011-08-07T01:27:33Z	100000088457359360	its just coincidence
2011-08-07T01:27:32Z	100000084292411392	i need to find a mountain top and post up doling out sage like wisdom
2011-08-07T01:27:32Z	100000084271439872	itreallymakesmemad when people listen to the hesayshesay mess it aint even truee
2011-08-07T01:27:32Z	100000084263043072	dr gary wiren impact bag golf impact training ai reviews pdrgarywirenimpactbaggolfimpacttrainingaidbezylry
2011-08-07T01:27:31Z	100000080106491904	yup might be
2011-08-07T01:27:31Z	100000080102297600	hey porcelain do u love me
2011-08-07T01:27:31Z	100000080098099201	watching phines and ferb the movie with my baby s lt
2011-08-07T01:27:31Z	100000080098099200	hey fam check it out xi
2011-08-07T01:27:31Z	100000080093908992	midnight lolly
2011-08-07T01:27:31Z	100000080077139969	keep that avi atleast a week
2011-08-07T01:27:31Z	100000080077131776	rt itshardwhen u finally realize that the one u actually trust be also the one lie to u the whole time
2011-08-07T01:27:31Z	100000080072941568	rt let s tear it down n dis mf boosieflow
2011-08-07T01:27:31Z	100000080072937472	thats cold
2011-08-07T01:27:31Z	100000080068739073	damn alot on my mind
2011-08-07T01:27:30Z	100000075912192000	probably since there have be full season so far post p but they be worth it
2011-08-07T01:27:30Z	100000075912183808	rt forgivebut never forget
2011-08-07T01:27:30Z	100000075907993601	i guess me and jose taking another trip to mexico
2011-08-07T01:27:30Z	100000075899600896	sorry to hear about your friend thoughts go out to all the family and friend
2011-08-07T01:27:30Z	100000075891228672	and there go that rt it s friday friday get ta get down on fridayyyyyy
2011-08-07T01:27:29Z	100000071717888001	wan na be a smart as now im gon na egg your base and throw tomatoes at you happy now
2011-08-07T01:27:29Z	100000071717883904	jangan ngmngn yang gapernah ada jadi ada gds
2011-08-07T01:27:29Z	100000071709499392	rt k people be now riot
2011-08-07T01:27:29Z	100000071696912384	sorry man ben weer op me kaboela
2011-08-07T01:27:29Z	100000071688536064	you think you know but you have no idea
2011-08-07T01:27:29Z	100000071688527872	they ignore you now but they will need you late in life
2011-08-07T01:27:29Z	100000071684337665	lol my stiff asz
2011-08-07T01:27:29Z	100000071684337664	i watch live porn doh i dont evn need to subscribe thanks to ma neighbours horrible human
2011-08-07T01:27:29Z	100000071684329472	zann withh that leann dailyytweet
2011-08-07T01:27:28Z	100000067519397888	not ballouchy i predict a shutout with blown chance by ballouchy
2011-08-07T01:27:28Z	100000067519393792	na ima be there with u
2011-08-07T01:27:28Z	100000067506802688	watching onee so my sister and bil can go out she be usually asleep by now instead she s chase levi around like a mad person so cute
2011-08-07T01:27:28Z	100000067498426368	my stepdad gon na take us to my uncle s apartment where the bus stop be at
2011-08-07T01:27:28Z	100000067494227968	i really wish wed get rid of delmon young twin
2011-08-07T01:27:28Z	100000067490033664	i be told there a panda in hale im sure its a lie
2011-08-07T01:27:27Z	100000063329288192	thanks ul
2011-08-07T01:27:27Z	100000063329284097	vou ter de sair abrao live on sgc
2011-08-07T01:27:27Z	100000063325089792	itreallymakesmemad when in on my phone twitpics do not load
2011-08-07T01:27:27Z	100000063316688896	not normal
2011-08-07T01:27:27Z	100000063312510976	rt mauricio wildcard he s mutitalented be why be a great showman the most entertaining lt you say it w
2011-08-07T01:27:27Z	100000063308308481	what to do tonight
2011-08-07T01:27:27Z	100000063308308480	i be have great day d lovinglife
2011-08-07T01:27:27Z	100000063304122368	aboy to hit up downtown later on tonight
2011-08-07T01:27:27Z	100000063304118272	i guess when it all come down i be just another friend on facebook another follower on twitter
2011-08-07T01:27:27Z	100000063304110080	rt thatawkwardmoment when i start a worldwide twitter trend about shorts replacemovietitlewithshorts
2011-08-07T01:27:27Z	100000063295733760	still have soooo much summer work procrastination
2011-08-07T01:27:27Z	100000063295721473	latest windows small business server your total business server
2011-08-07T01:27:27Z	100000063291535360	you have make it i know your talent wouldnt go unnoticed
2011-08-07T01:27:26Z	100000059134984192	film kyke
2011-08-07T01:27:26Z	100000059130789888	its a double actually but i choose statement personally
2011-08-07T01:27:26Z	100000059114008576	ebuset dah rt rt traktiran rt exactly today be my th month with je taime ma
2011-08-07T01:27:26Z	100000059109814273	anybody they please wwedivas
2011-08-07T01:27:26Z	100000059109801984	rt twitition hairspray at the on dvd kf
2011-08-07T01:27:26Z	100000059097219072	i been feeling like i m higher than i ve ever been
2011-08-07T01:27:25Z	100000054940672001	we love youtoo
2011-08-07T01:27:25Z	100000054936477696	rt go follow she follow back
2011-08-07T01:27:25Z	100000054919700480	i know affliction probably provide joe rogan with a bunch of shirt but joe need to change his shirt
2011-08-07T01:27:25Z	100000054915497985	jealous oomf have an arizona and im still wait on my mother to bring me mine
2011-08-07T01:27:25Z	100000054911311872	why be twitter so addictive justasking
2011-08-07T01:27:25Z	100000054902919169	rt guys if she give you another chance after you mess up she really like you so do not fck it up again
2011-08-07T01:27:24Z	100000050742165504	b o l at my last tweet
2011-08-07T01:27:24Z	100000050733793280	damn i hate when ppl write how they talk what
2011-08-07T01:27:24Z	100000050733789184	oomf just make me want a mcflurry but its dangerous out there
2011-08-07T01:27:24Z	100000050733780992	chapter national society of the sons of the american revolution purposes to carry ou addpd
2011-08-07T01:27:24Z	100000050729598976	hey mff
2011-08-07T01:27:24Z	100000050712813570	wow this chick s self esteem must be threw the roof sarcasticlly
2011-08-07T01:27:24Z	100000050712813569	lol aww that s cute they re my favorite jeans but that i like your smile
2011-08-07T01:27:23Z	100000046543667200	congrats
2011-08-07T01:27:23Z	100000046535290880	replacemovietitlewithshorts he s just not that into short
2011-08-07T01:27:23Z	100000046531092480	nelson mandela bridge in jhb pjiw
2011-08-07T01:27:23Z	100000046514323456	at geekwedding kjjzcjvj
2011-08-07T01:27:22Z	100000042349379584	rain while i m in a tent s dontevercamp
2011-08-07T01:27:22Z	100000042349375488	lets trend keepoldtwitter put keepoldtwitter in all of your tweet shak
2011-08-07T01:27:22Z	100000042345185280	i be actually think about tweet you sometime
2011-08-07T01:27:22Z	100000042336796673	rt i search but never find hurt but never cry
2011-08-07T01:27:22Z	100000042328391681	rt shut up vince lmao
2011-08-07T01:27:21Z	100000038163451904	mafia movies are the best
2011-08-07T01:27:21Z	100000038155075584	rt rt new video from n now on vladtv dziqz
2011-08-07T01:27:21Z	100000038155059200	i get catch in the rain
2011-08-07T01:27:21Z	100000038146678784	very
2011-08-07T01:27:21Z	100000038134095872	does anyone have a muzzle for my grandmother
2011-08-07T01:27:21Z	100000038125707264	battery i get ta quit but i ca nt itreallymakesmemad
2011-08-07T01:27:20Z	100000033964953600	ugh my stomach hurt
2011-08-07T01:27:20Z	100000033960763392	if you like to join google click on this link invite dxejya
2011-08-07T01:27:20Z	100000033956569088	so do my case
2011-08-07T01:27:20Z	100000033956560896	my boo gone but my ticket to come see him win
2011-08-07T01:27:20Z	100000033952374784	rt rt love be a haunting melody that i have never master and i fear i never will william s burrough
2011-08-07T01:27:20Z	100000033943986176	she want a picture of my dick ok
2011-08-07T01:27:20Z	100000033931411456	you only look like this at night shrek be ugly
2011-08-07T01:27:20Z	100000033931395074	do he have an extra tube
2011-08-07T01:27:19Z	100000029766455296	i got my jimmy waxed everyday last week nigga hahahahahahahaha lls that s my movie
2011-08-07T01:27:19Z	100000029762256896	me and be not like this weather especially cause her windshield wiper be break
2011-08-07T01:27:19Z	100000029749678080	rt thinking about the sermon i hear today at the funeral it be different
2011-08-07T01:27:19Z	100000029745479680	please like my fan page on facebook lt ewrzt
2011-08-07T01:27:19Z	100000029741293569	henrys crime mediafire downloadphp olazhrojcnbtsdo refd
2011-08-07T01:27:18Z	100000025580548097	is intel about to get hit by a bric bric country have support intel s growth will that continue ebph
2011-08-07T01:27:18Z	100000025576353793	new computer this week seriously ca not come soon enough it s the only thing keep me from throw mine out a window
2011-08-07T01:27:18Z	100000025576341504	rt do not worry i m sure we ll meet one day just because you live far away do not mean i do not love you j
2011-08-07T01:27:18Z	100000025567956992	and coco s off again steals rd standing up careerhigh sb s this game athletics
2011-08-07T01:27:18Z	100000025563762688	i m always late getting somewhere
2011-08-07T01:27:18Z	100000025559576576	is intel about to get hit by a bric bric country have support intel s growth will that continue ebpg
2011-08-07T01:27:18Z	100000025559568384	working on new artist on the label but now time to chill with my nephew on my chest and watch some cartoon gowsh they love there tio
2011-08-07T01:27:17Z	100000021382053888	rt some people be worth leave and hurting but some people find the hurt worth the stay
2011-08-07T01:27:17Z	100000021382049792	pounds even inches tall healthy yayyyyy
2011-08-07T01:27:17Z	100000021382041600	lol why
2011-08-07T01:27:17Z	100000021377851392	gov rick perry lead christians in prayer at texas rally los angeles times ebq
2011-08-07T01:27:17Z	100000021373657088	featherweight bout chad mendes vs rani yahya via decision broken hand
2011-08-07T01:27:17Z	100000021361070081	me and him still have the fuck right to be cool or have something without the rest of the world want to tell me their opinion
2011-08-07T01:27:17Z	100000021356883969	study flow then lucky strikes
2011-08-07T01:27:17Z	100000021348495360	ca not believe i just get mistake for
2011-08-07T01:27:17Z	100000021348491264	good morning
2011-08-07T01:27:17Z	100000021348483074	hahah exactly
2011-08-07T01:27:16Z	100000017187741697	super confuse s
2011-08-07T01:27:16Z	100000017187741696	rt i saw zombieland with you ben stiller be in it ma that s zoolander oh they both start with z momsbadwithmov
2011-08-07T01:27:16Z	100000017162584064	break news sea plane strike rope of parachute send person parasailing into water ebqb
2011-08-07T01:27:16Z	100000017158385664	captain america be a don with the shield tho
2011-08-07T01:27:15Z	100000012993445888	its so funny how i havent talked to oomf in so long and her birthday come up ohwell
2011-08-07T01:27:15Z	100000012985053184	aqui perto de casa amor
2011-08-07T01:27:15Z	100000012985049088	alexander gustafsson matt hamill now ufc
2011-08-07T01:27:15Z	100000012976664576	i do not know if i want this account no one like me anymore but i do not wan na delete do not wan na delete my hard work
2011-08-07T01:27:15Z	100000012968275968	what does unf mean
2011-08-07T01:27:15Z	100000012968271872	yeap so hit dhat thang up
2011-08-07T01:27:15Z	100000012968267776	dicks last resort for shel s birthday happybirthdayshellybelly
2011-08-07T01:27:15Z	100000012959875072	done plss rt for me could u do me a huge favor and vote for my picture to win plssss itd mean alot lt irjjb
2011-08-07T01:27:14Z	100000008799133696	bon jovi slippery when wet
2011-08-07T01:27:14Z	100000008799125505	yep true ok see u later
2011-08-07T01:27:14Z	100000008799125504	fyjmevs information technology nbc nightly news judge nutrition list of board games
2011-08-07T01:27:14Z	100000008782364673	otis instrumental gt gt
2011-08-07T01:27:14Z	100000008782352384	rt nite it go down dj s no cover all nite
2011-08-07T01:27:14Z	100000008778170368	that s frighten
2011-08-07T01:27:14Z	100000008773976065	true peace be not merely the absence of tension it be the presence of justice martin luther king
2011-08-07T01:27:14Z	100000008773976064	having a good time with and karra lt lt lt lt lt
2011-08-07T01:27:14Z	100000008773971968	going the extra mile for student
2011-08-07T01:27:14Z	100000008765583360	why
2011-08-07T01:27:13Z	100000004609015808	rt are smurfs just a bunch of midget avatars
2011-08-07T01:27:13Z	100000004600627200	is shit really this dead today lol
2011-08-07T01:27:13Z	100000004596445185	i aynt get time a female attitude no reason doe smh no okie
2011-08-07T01:27:13Z	100000004596445184	never be the type say i tell u so but time outta i know wtf i m talk about
2011-08-07T01:27:12Z	100000000414715905	girlll aha
2011-08-07T01:27:12Z	100000000406323200	rt i m at gereja kristen kalam kudus bandung jl pasundan bandung qrywas
2011-08-07T01:27:12Z	100000000397942784	no way tipping be for jerk
2011-08-07T01:27:12Z	100000000397938689	rt my email be logiccom
2011-08-07T01:27:12Z	100000000397934592	ladies and gentlemen have a wonderful day blessing mssimple vinguyen from vietnam
2011-08-07T01:27:12Z	100000000389558273	if ju do not like it he can walk or find somebody else too ride back with
2011-08-07T01:27:12Z	100000000385368064	rt willkeepyousingle you do not understand unconditional love or how to love unconditionally